"Data Source","Indicadores del desarrollo mundial",

"Last Updated Date","2024-03-28",

"Country Name","Country Code","Indicator Name","Indicator Code","1960","1961","1962","1963","1964","1965","1966","1967","1968","1969","1970","1971","1972","1973","1974","1975","1976","1977","1978","1979","1980","1981","1982","1983","1984","1985","1986","1987","1988","1989","1990","1991","1992","1993","1994","1995","1996","1997","1998","1999","2000","2001","2002","2003","2004","2005","2006","2007","2008","2009","2010","2011","2012","2013","2014","2015","2016","2017","2018","2019","2020","2021","2022","2023",
"Aruba","ABW","Prevalencia de uso de métodos anticonceptivos (% de mujeres entre 15 y 49 años)","SP.DYN.CONU.ZS","","","","","","","","","","","","","","","","","","","","","","","","","","","","","","","","","","","","","","","","","","","","","","","","","","","","","","","","","","","","","","","","",
"","AFE","Prevalencia de uso de métodos anticonceptivos (% de mujeres entre 15 y 49 años)","SP.DYN.CONU.ZS","","","","","","","","","","","","","","","","","","","","","","","","","","","","","","","19.3261898769592","","","","","","","","","","26.901500972189","","","","","","","","","","28.3301155960464","","","","","","","","","42.3893799345969","","","","",
"Afganistán","AFG","Prevalencia de uso de métodos anticonceptivos (% de mujeres entre 15 y 49 años)","SP.DYN.CONU.ZS","","","","","","","","","","","","","","","","","","","","","","","","","","","","","","","","","","","","","","","","","5.3","","","10.3","","13.6","18.6","","22.8","","21.8","21.2","","","","22.5","22.5","","","","","","","",
"","AFW","Prevalencia de uso de métodos anticonceptivos (% de mujeres entre 15 y 49 años)","SP.DYN.CONU.ZS","","","","","","","","","","","","","","","","","","","","","","","","","","","","","","","8.06657228635108","","","","","","","","","","15.4325546531392","","","","","","","","","","17.8126707196474","","","","","","","","","19.2030810501376","","","","",
"Angola","AGO","Prevalencia de uso de métodos anticonceptivos (% de mujeres entre 15 y 49 años)","SP.DYN.CONU.ZS","","","","","","","","","","","","","","","","","","","","","","","","","","","","","","","","","","","","","8.1","","","","","6.3","","","","","","","","20","","","","","","","13.7","","","","","","","",
"Albania","ALB","Prevalencia de uso de métodos anticonceptivos (% de mujeres entre 15 y 49 años)","SP.DYN.CONU.ZS","","","","","","","","","","","","","","","","","","","","","","","","","","","","","","","","","","","","","","","","","57.5","","75.1","","","60.1","","","","69.3","","","","","","","","","46","","","","","",
"Andorra","AND","Prevalencia de uso de métodos anticonceptivos (% de mujeres entre 15 y 49 años)","SP.DYN.CONU.ZS","","","","","","","","","","","","","","","","","","","","","","","","","","","","","","","","","","","","","","","","","","","","","","","","","","","","","","","","","","","","","","","","",
"El mundo árabe","ARB","Prevalencia de uso de métodos anticonceptivos (% de mujeres entre 15 y 49 años)","SP.DYN.CONU.ZS","","","","","","","","","","","","","","","","","","","","","","","","","","","","","","","35.7117976845749","","","","","","","","","","44.7738280229996","","","","","","","","","","49.8905900517277","","","","","","","","","","","","","",
"Emiratos Árabes Unidos","ARE","Prevalencia de uso de métodos anticonceptivos (% de mujeres entre 15 y 49 años)","SP.DYN.CONU.ZS","","","","","","","","","","","","","","","","","","","","","","","","","","","","","","","","","","","","27.5","","","","","","","","","","","","","","","","","","","","","","","","","","","","",
"Argentina","ARG","Prevalencia de uso de métodos anticonceptivos (% de mujeres entre 15 y 49 años)","SP.DYN.CONU.ZS","","","","","","","","","","","","","","","","","","","","","","","","","","","","","","","","","","","","","","","","","","","","","","","","","","","","","","72.4","","","","","","","70.1","","","",
"Armenia","ARM","Prevalencia de uso de métodos anticonceptivos (% de mujeres entre 15 y 49 años)","SP.DYN.CONU.ZS","","","","","","","","","","","","","","","","","","","","","","","","","","","","","","","","56","","","","","","","","","60.5","","","","","53.1","","","","","54.9","","","","","","57.1","","","","","","","",
"Samoa Americana","ASM","Prevalencia de uso de métodos anticonceptivos (% de mujeres entre 15 y 49 años)","SP.DYN.CONU.ZS","","","","","","","","","","","","","","","","","","","","","","","","","","","","","","","","","","","","","","","","","","","","","","","","","","","","","","","","","","","","","","","","",
"Antigua y Barbuda","ATG","Prevalencia de uso de métodos anticonceptivos (% de mujeres entre 15 y 49 años)","SP.DYN.CONU.ZS","","","","","","","","","","","","","","","","","","","","","","48.2","","","","","","","52.6","","","","","","","","","","","","","","","","","","","","","","","","","","","","","","","","","","","",
"Australia","AUS","Prevalencia de uso de métodos anticonceptivos (% de mujeres entre 15 y 49 años)","SP.DYN.CONU.ZS","","","","","","","","","","","","","","","","","","","","","","","","","","","76.1","","","","","","","","","","","","","","","","","","","","65.2","","","62","","","67.8","","","","66.9","","","","","","","",
"Austria","AUT","Prevalencia de uso de métodos anticonceptivos (% de mujeres entre 15 y 49 años)","SP.DYN.CONU.ZS","","","","","","","","","","","","","","","","","","","","","","","","","","","","","","","","","","","","","51","","","","","","","","","","","","","69.6","","","","65.7","","","","","","","","","","",
"Azerbaiyán","AZE","Prevalencia de uso de métodos anticonceptivos (% de mujeres entre 15 y 49 años)","SP.DYN.CONU.ZS","","","","","","","","","","","","","","","","","","","","","","","","","","","","","","","","","","","","","","","","","55.1","55.4","","","","","51.1","","","","","54.9","","","","","","","","","","","","",
"Burundi","BDI","Prevalencia de uso de métodos anticonceptivos (% de mujeres entre 15 y 49 años)","SP.DYN.CONU.ZS","","","","","","","","","","","","","","","","","","","","","","","","","","","","8.7","","","","","","","","","","","","","15.7","","20","","","9.1","","","","22.7","21.9","21.9","31.7","","","","","28.5","","","","","","",
"Bélgica","BEL","Prevalencia de uso de métodos anticonceptivos (% de mujeres entre 15 y 49 años)","SP.DYN.CONU.ZS","","","","","","","72","","","","","","","","","","87","","","","","","","81","","","","","","","","","78.4","","","","","","","","","","","","","","","","","73.7","","","","66.8","","","","","66.7","","","","","",
"Benin","BEN","Prevalencia de uso de métodos anticonceptivos (% de mujeres entre 15 y 49 años)","SP.DYN.CONU.ZS","","","","","","","","","","","","","","","","","","","","","","","6.6","","","","","","","","","","","","","","16.4","","","","","18.6","","","","","17","","","","","","12.9","","17.9","","","","15.5","","","","","",
"Burkina Faso","BFA","Prevalencia de uso de métodos anticonceptivos (% de mujeres entre 15 y 49 años)","SP.DYN.CONU.ZS","","","","","","","","","","","","","","","","","","","","","","","","","","","","","","","","","","24.9","","","","","","11.9","","","","13.8","","","17.5","","","","16.2","16.2","","","18.4","21.2","25.4","25.7","","32.5","29.6","35.2","","",
"Bangladesh","BGD","Prevalencia de uso de métodos anticonceptivos (% de mujeres entre 15 y 49 años)","SP.DYN.CONU.ZS","","","","","","","","","","","","","","","","","7.9","","","","12.1","18.6","","","19.1","","25.3","","","31.4","","39.9","","","44.9","","","49.8","","","54.3","50.2","","","58.5","","","55.8","","","","61.2","","61.8","62.4","","62.8","","61.9","62.7","","","","",
"Bulgaria","BGR","Prevalencia de uso de métodos anticonceptivos (% de mujeres entre 15 y 49 años)","SP.DYN.CONU.ZS","","","","","","","","","","","","","","","","","75.1","","","","","","","","","","","","","","","","","","","85.9","","","63.4","","","","","","","64.4","","70.1","","","","","","","","","","","","","","","","",
"Bahrein","BHR","Prevalencia de uso de métodos anticonceptivos (% de mujeres entre 15 y 49 años)","SP.DYN.CONU.ZS","","","","","","","","","","","","","","","","","","","","","","","","","","","","","","53.8","","","","","","61.8","","","","","53.4","","","","","","","","","","","","","","","","","","","","","","","",
"Bahamas","BHS","Prevalencia de uso de métodos anticonceptivos (% de mujeres entre 15 y 49 años)","SP.DYN.CONU.ZS","","","","","","","","","","","","","","","","","","","","","","","","","","","","","61.7","","","","","","","","","","","","","","","","","","","","","","","","","","","","","","","","","","","",
"Bosnia y Herzegovina","BIH","Prevalencia de uso de métodos anticonceptivos (% de mujeres entre 15 y 49 años)","SP.DYN.CONU.ZS","","","","","","","","","","","","","","","","","","","","","","","","","","","","","","","","","","","","","","","","","47.5","","","","","","35.7","","","","","","46","","","","","","","","","","","",
"Belarús","BLR","Prevalencia de uso de métodos anticonceptivos (% de mujeres entre 15 y 49 años)","SP.DYN.CONU.ZS","","","","","","","","","","","","","","","","","","","","","","","","","","","","","","","","","","","","50.4","","","","","","","","","","72.6","","","","","","","63.1","","","","","71.2","","52.6","","","","",
"Belice","BLZ","Prevalencia de uso de métodos anticonceptivos (% de mujeres entre 15 y 49 años)","SP.DYN.CONU.ZS","","","","","","","","","","","","","","","","","","","","","","","","","","","","","","","","46.9","","","","","","","","56.1","","","","","","","","","","","","55.2","","","","","51.4","","","","","","","",
"Bermudas","BMU","Prevalencia de uso de métodos anticonceptivos (% de mujeres entre 15 y 49 años)","SP.DYN.CONU.ZS","","","","","","","","","","","","","","","","","","","","","","","","","","","","","","","","","","","","","","","","","","","","","","","","","","","","","","","","","","","","","","","","",
"Bolivia","BOL","Prevalencia de uso de métodos anticonceptivos (% de mujeres entre 15 y 49 años)","SP.DYN.CONU.ZS","","","","","","","","","","","","","","","","","","","","","","","","","","","","","","30.3","","","","","45.3","","","","48.3","","53.4","","","58.4","58.4","","","","60.6","","","","","","","","66.5","","","","","","","",
"Brasil","BRA","Prevalencia de uso de métodos anticonceptivos (% de mujeres entre 15 y 49 años)","SP.DYN.CONU.ZS","","","","","","","","","","","","","","","","","","","","","","","","","","","66.2","","","","","","","","","","76.7","","","","","","","","","","","80.6","","","","","","80.2","","","","","","","","","","",
"Barbados","BRB","Prevalencia de uso de métodos anticonceptivos (% de mujeres entre 15 y 49 años)","SP.DYN.CONU.ZS","","","","","","","","","","","","","","","","","","","","","","46.5","","","","","","","55","","","","","","","","","","","","","","","","","","","","","","","","59.2","","","","","","","","","","","",
"Brunei Darussalam","BRN","Prevalencia de uso de métodos anticonceptivos (% de mujeres entre 15 y 49 años)","SP.DYN.CONU.ZS","","","","","","","","","","","","","","","","","","","","","","","","","","","","","","","","","","","","","","","","","","","","","","","","","","","","","","","","","","","","","","","","",
"Bhután","BTN","Prevalencia de uso de métodos anticonceptivos (% de mujeres entre 15 y 49 años)","SP.DYN.CONU.ZS","","","","","","","","","","","","","","","","","","","","","","","","","","","","","","","","","","","","","","","","","30.7","","","","","","","","","","65.6","","","","","","","","","","","","","",
"Botswana","BWA","Prevalencia de uso de métodos anticonceptivos (% de mujeres entre 15 y 49 años)","SP.DYN.CONU.ZS","","","","","","","","","","","","","","","","","","","","","","","","","19.3","","","","33","","","","","","","","47.2","","","","44.4","","","","","","","","69.7","","","","","","","","","67.4","","","","","","",
"República Centroafricana","CAF","Prevalencia de uso de métodos anticonceptivos (% de mujeres entre 15 y 49 años)","SP.DYN.CONU.ZS","","","","","","","","","","","","","","","","","","","","","","","","","","","","","","","","","","","","14.8","","","","","27.9","","","","","","19","","","","","15.2","","","","","","","","17.8","","","","",
"Canadá","CAN","Prevalencia de uso de métodos anticonceptivos (% de mujeres entre 15 y 49 años)","SP.DYN.CONU.ZS","","","","","","","","","","","","","","","","","","","","","","","","","73.1","","","","","","","","","","","74.7","","","80","","","","","","","","","","","","","","","","","","","","","","","","","",
"Europa Central y del Báltico","CEB","Prevalencia de uso de métodos anticonceptivos (% de mujeres entre 15 y 49 años)","SP.DYN.CONU.ZS","","","","","","","","","","","","","","","","","","","","","","","","","","","","","","","","","","","","","","","","","","","","","","","","","","","","","","","","","","","","","","","","",
"Suiza","CHE","Prevalencia de uso de métodos anticonceptivos (% de mujeres entre 15 y 49 años)","SP.DYN.CONU.ZS","","","","","","","","","","","","","","","","","","","","","71.2","","","","","","","","","","","","","","","82","","","","","","","","","","","","","","","","","73","","","","","71.6","","","","","","",
"Islas del Canal","CHI","Prevalencia de uso de métodos anticonceptivos (% de mujeres entre 15 y 49 años)","SP.DYN.CONU.ZS","","","","","","","","","","","","","","","","","","","","","","","","","","","","","","","","","","","","","","","","","","","","","","","","","","","","","","","","","","","","","","","","",
"Chile","CHL","Prevalencia de uso de métodos anticonceptivos (% de mujeres entre 15 y 49 años)","SP.DYN.CONU.ZS","","","","","","","","","","","","","","","","","","","","","","","","","","","","","","","","","","","","","","","","","","","","","","","64.2","","","","","","","","","","76.3","","","","","","","",
"China","CHN","Prevalencia de uso de métodos anticonceptivos (% de mujeres entre 15 y 49 años)","SP.DYN.CONU.ZS","","","","","","","","","","","","","","","","","","","","","","","","","","","","","","","","","","","","","","83.8","","","","86.9","","","","","84.6","","","","","","","","","","","84.5","","","","","","",
"Côte d'Ivoire","CIV","Prevalencia de uso de métodos anticonceptivos (% de mujeres entre 15 y 49 años)","SP.DYN.CONU.ZS","","","","","","","","","","","","","","","","","","","","","","2.9","","","","","","","","","","","","","11.4","","","","","15","","","","","","","14.6","","","","","","18.2","","","","15.5","22.3","21.5","","25.5","","","",
"Camerún","CMR","Prevalencia de uso de métodos anticonceptivos (% de mujeres entre 15 y 49 años)","SP.DYN.CONU.ZS","","","","","","","","","","","","","","","","","","","2.2","","","","","","","","","","","","","16.1","","","","","","","19.3","","25.2","","","","26","","29.2","","","","","23.4","","","34.3","","","","19.3","","","","","",
"Congo, República Democrática del","COD","Prevalencia de uso de métodos anticonceptivos (% de mujeres entre 15 y 49 años)","SP.DYN.CONU.ZS","","","","","","","","","","","","","","","","","","","","","","","","15.4","","","","","","","","7.7","","","","","","","","","","31.4","","","","","","20.6","","","17.7","","","","20.4","","","","28.1","","","","","",
"Congo, República del","COG","Prevalencia de uso de métodos anticonceptivos (% de mujeres entre 15 y 49 años)","SP.DYN.CONU.ZS","","","","","","","","","","","","","","","","","","","","","","","","","","","","","","","","","","","","","","","","","","","","","","44.3","","","","","","","44.7","","","30.1","","","","","","","","",
"Colombia","COL","Prevalencia de uso de métodos anticonceptivos (% de mujeres entre 15 y 49 años)","SP.DYN.CONU.ZS","","","","","","","","","","20.5","","","","","","","42.5","","","","48.5","","","","","","64.8","","","","66.1","","","","","72.2","","","","","76.9","","","","","78.2","","","","","79.1","","","","","81","80.9","","","","","","","",
"Comoras","COM","Prevalencia de uso de métodos anticonceptivos (% de mujeres entre 15 y 49 años)","SP.DYN.CONU.ZS","","","","","","","","","","","","","","","","","","","","","","","","","","","","","","","","","","","","","21","","","","25.8","","","","","","","","","","","","19.4","","","","","","","","","","","",
"Cabo Verde","CPV","Prevalencia de uso de métodos anticonceptivos (% de mujeres entre 15 y 49 años)","SP.DYN.CONU.ZS","","","","","","","","","","","","","","","","","","","","","","","","","","","","","","23.8","","","","","","","","","52.9","","","","","","","61.3","","","","","","","","","","","","","55.8","","","","","",
"Costa Rica","CRI","Prevalencia de uso de métodos anticonceptivos (% de mujeres entre 15 y 49 años)","SP.DYN.CONU.ZS","","","","","","","","","","","","","","","","","64.4","","63.5","","","65.2","","","","","69","","","","","","","75","","","","","","80","","","","","","","","","","","82.1","76.2","","","","77.8","","","70.9","","","","","",
"Estados pequeos del Caribe","CSS","Prevalencia de uso de métodos anticonceptivos (% de mujeres entre 15 y 49 años)","SP.DYN.CONU.ZS","","","","","","","","","","","","","","","","","","","","","","","","","","","","","","","51.6482495106457","","","","","","","","","","","","","","","","","","","","57.6385824578862","","","","","","","","","","","","","",
"Cuba","CUB","Prevalencia de uso de métodos anticonceptivos (% de mujeres entre 15 y 49 años)","SP.DYN.CONU.ZS","","","","","","","","","","","","","","","","","","","","","","","","","","","","70","","","","","","","","","","","","","73.3","","","","","","","","","","","74.3","","","73.7","","","","","69.1","","","","",
"Curacao","CUW","Prevalencia de uso de métodos anticonceptivos (% de mujeres entre 15 y 49 años)","SP.DYN.CONU.ZS","","","","","","","","","","","","","","","","","","","","","","","","","","","","","","","","","","","","","","","","","","","","","","","","","","","","","","","","","","","","","","","","",
"Islas Caimán","CYM","Prevalencia de uso de métodos anticonceptivos (% de mujeres entre 15 y 49 años)","SP.DYN.CONU.ZS","","","","","","","","","","","","","","","","","","","","","","","","","","","","","","","","","","","","","","","","","","","","","","","","","","","","","","","","","","","","","","","","",
"Chipre","CYP","Prevalencia de uso de métodos anticonceptivos (% de mujeres entre 15 y 49 años)","SP.DYN.CONU.ZS","","","","","","","","","","","","","","","","","","","","","","","","","","","","","","","","","","","","","","","","","","","","","","","","","","","","","","","","","","","","","","","","",
"República Checa","CZE","Prevalencia de uso de métodos anticonceptivos (% de mujeres entre 15 y 49 años)","SP.DYN.CONU.ZS","","","","","","","","","","","66","","","","","","","","","","","","","","","","","","","","","","","68.9","","","","72.3","","","","","","","","78.2","","","86.3","","","","","","","","","","","","","","","",
"Alemania","DEU","Prevalencia de uso de métodos anticonceptivos (% de mujeres entre 15 y 49 años)","SP.DYN.CONU.ZS","","","","","","","","","","","","70.1","82.2","","","","","","","","","","","","","77.9","","","","","","","70","","","","","","","","","","","","","68.4","","","50.4","","","80.3","","","","","","","","","","","","",
"Djibouti","DJI","Prevalencia de uso de métodos anticonceptivos (% de mujeres entre 15 y 49 años)","SP.DYN.CONU.ZS","","","","","","","","","","","","","","","","","","","","","","","","","","","","","","","","","","","","","","","","","","","9","","","","17.8","","","","","","19","","","","","","","","","","","",
"Dominica","DMA","Prevalencia de uso de métodos anticonceptivos (% de mujeres entre 15 y 49 años)","SP.DYN.CONU.ZS","","","","","","","","","","","","","","","","","","","","","","","62.3","","","","","49.8","","","","","","","","","","","","","","","","","","","","","","","","","","","","","","","","","","","","",
"Dinamarca","DNK","Prevalencia de uso de métodos anticonceptivos (% de mujeres entre 15 y 49 años)","SP.DYN.CONU.ZS","","","","","","","","","","","67","","","","","63","","","","","","","","","","","","","","","","","76.5","","","","","","","","","","","","","","","","","","","","","","","","","","","","","","","",
"República Dominicana","DOM","Prevalencia de uso de métodos anticonceptivos (% de mujeres entre 15 y 49 años)","SP.DYN.CONU.ZS","","","","","","","","","","","","","","","","31.8","","","","","42","","","39.3","","","49.8","","","","","56.4","","","","","63.7","","","69.2","64.7","","69.8","","","","61.3","72.9","","","73","","","71.9","69.5","","","","","62.8","","","","",
"Argelia","DZA","Prevalencia de uso de métodos anticonceptivos (% de mujeres entre 15 y 49 años)","SP.DYN.CONU.ZS","","","","","","","","","","","","","","","","","","","","","","","","","","","","35.8","","","","","50.7","","","56.9","","","","","64","","57","","","","61.4","","","","","","","57.1","","","","","","53.6","","","","",
"Asia oriental y el Pacífico (excluido altos ingresos)","EAP","Prevalencia de uso de métodos anticonceptivos (% de mujeres entre 15 y 49 años)","SP.DYN.CONU.ZS","","","","","","","","","","","","","","","","","","","","","","","","","","","","","","","","","","","","","","","","","78.4938966324726","","","","","","","","","","","","","","","","","","","77.3300643467869","","","","",
"inicial del dividendo demográfico","EAR","Prevalencia de uso de métodos anticonceptivos (% de mujeres entre 15 y 49 años)","SP.DYN.CONU.ZS","","","","","","","","","","","","","","","","","","","","","","","","","","","","","","","42.7203255494268","","","","","","","","","","47.9217236273353","","","","","","","","","","55.7357182616393","","","","","","","","","60.6536593987389","","","","",
"Asia oriental y el Pacífico","EAS","Prevalencia de uso de métodos anticonceptivos (% de mujeres entre 15 y 49 años)","SP.DYN.CONU.ZS","","","","","","","","","","","","","","","","","","","","","","","","","","","","","","","","","","","","","","","","","77.4132715690635","","","","","","","","","","","","","","","","","","","75.583954777161","","","","",
"Europa y Asia central (excluido altos ingresos)","ECA","Prevalencia de uso de métodos anticonceptivos (% de mujeres entre 15 y 49 años)","SP.DYN.CONU.ZS","","","","","","","","","","","","","","","","","","","","","","","","","","","","","","","","","","","","","","","","","","","","","","","","","","","65.012811106464","","","","","","","","","","","","","",
"Europa y Asia central","ECS","Prevalencia de uso de métodos anticonceptivos (% de mujeres entre 15 y 49 años)","SP.DYN.CONU.ZS","","","","","","","","","","","","","","","","","","","","","","","","","","","","","","","","","","","","","","","","","","","","","","","","","","","69.0815898095769","","","","","","","","","","","","","",
"Ecuador","ECU","Prevalencia de uso de métodos anticonceptivos (% de mujeres entre 15 y 49 años)","SP.DYN.CONU.ZS","","","","","","","","","","","","","","","","","","","","35","","","39.2","","","","","44.3","","52.9","","","","","56.8","","","","","66.3","","","","","72.7","","","","","","","","80.1","","74.7","","","","","77.9","","","","",
"Egipto, República Árabe de","EGY","Prevalencia de uso de métodos anticonceptivos (% de mujeres entre 15 y 49 años)","SP.DYN.CONU.ZS","","","","","","","","","","","","","","","","24.9","","","","","31.4","","","","30.3","","","","37.8","37.8","","47.6","47.1","47.1","","47.9","47.9","","54.5","","56.1","","","60","","59.2","","","60.3","","","","","","58.5","","","","","","","","","",
"Zona del Euro","EMU","Prevalencia de uso de métodos anticonceptivos (% de mujeres entre 15 y 49 años)","SP.DYN.CONU.ZS","","","","","","","","","","","","","","","","","","","","","","","","","","","","","","","","","","","","","","","","","","","","","","","","","","","76.2249963188732","","","","","","","","","","","","","",
"Eritrea","ERI","Prevalencia de uso de métodos anticonceptivos (% de mujeres entre 15 y 49 años)","SP.DYN.CONU.ZS","","","","","","","","","","","","","","","","","","","","","","","","","","","","","","","","","","","","8","8","","","","","","8","","","","","","","","8.7","","","","","","","","","","","","","",
"España","ESP","Prevalencia de uso de métodos anticonceptivos (% de mujeres entre 15 y 49 años)","SP.DYN.CONU.ZS","","","","","","","","","","","","","","","","","","47.1","","","","","","","","62.1","","","","","","","","","","81.1","","","","71.9","","","","","","","65.7","","","70.1","","","","","","","","","62.1","","","","","",
"Estonia","EST","Prevalencia de uso de métodos anticonceptivos (% de mujeres entre 15 y 49 años)","SP.DYN.CONU.ZS","","","","","","","","","","","","","","","","","","","","","","","","","","","","","","","","","","","61.1","","","","","","","","","","","63.4","66.7","","","","64.1","","","","75.1","","","","","","","","","",
"Etiopía","ETH","Prevalencia de uso de métodos anticonceptivos (% de mujeres entre 15 y 49 años)","SP.DYN.CONU.ZS","","","","","","","","","","","","","","","","","","","","","","","","","","","","","","","4.8","","","","","","","3.3","","","8.1","","","","","14.7","","","","","","28.6","","","42","36.9","35.9","36.3","40","41.4","37.7","","","",
"Unión Europea","EUU","Prevalencia de uso de métodos anticonceptivos (% de mujeres entre 15 y 49 años)","SP.DYN.CONU.ZS","","","","","","","","","","","","","","","","","","","","","","","","","","","","","","","","","","","","","","","","","","","","","","","","","","","72.625462081898","","","","","","","","","","","","","",
"Frágiles y situaciones de conflicto afectados","FCS","Prevalencia de uso de métodos anticonceptivos (% de mujeres entre 15 y 49 años)","SP.DYN.CONU.ZS","","","","","","","","","","","","","","","","","","","","","","","","","","","","","","","","","","","","","","","","","28.6951587609599","","","","","","","","","","28.8938147174723","","","","","","","","","29.2246480459559","","","","",
"Finlandia","FIN","Prevalencia de uso de métodos anticonceptivos (% de mujeres entre 15 y 49 años)","SP.DYN.CONU.ZS","","","","","","","","","","","","","","","","","","","","","","","","","","","","","","","77.4","","78.8","","","","","","","79.5","","","","","","","","74.2","","","","","","","","85.5","","","","","","","","",
"Fiji","FJI","Prevalencia de uso de métodos anticonceptivos (% de mujeres entre 15 y 49 años)","SP.DYN.CONU.ZS","","","","","","","","","","","","","","","40.9","","","","","","","","","","","","","","","","","","","","","","","","","","","","","","","","","","","","","","","","","","","","","","","","","",
"Francia","FRA","Prevalencia de uso de métodos anticonceptivos (% de mujeres entre 15 y 49 años)","SP.DYN.CONU.ZS","","","","","","","","","","","","","","","","","","","78.7","","","","","","","","","","81.2","","","","","","74.6","","","","","","","","","","","76.6","","","75","","","78.4","","","","","","","","","","","","",
"Islas Feroe","FRO","Prevalencia de uso de métodos anticonceptivos (% de mujeres entre 15 y 49 años)","SP.DYN.CONU.ZS","","","","","","","","","","","","","","","","","","","","","","","","","","","","","","","","","","","","","","","","","","","","","","","","","","","","","","","","","","","","","","","","",
"Micronesia (Estados Federados de)","FSM","Prevalencia de uso de métodos anticonceptivos (% de mujeres entre 15 y 49 años)","SP.DYN.CONU.ZS","","","","","","","","","","","","","","","","","","","","","","","","","","","","","","","","","","","","","","","","","","","","","","","","","","","","","","","","","","","","","","","","",
"Gabón","GAB","Prevalencia de uso de métodos anticonceptivos (% de mujeres entre 15 y 49 años)","SP.DYN.CONU.ZS","","","","","","","","","","","","","","","","","","","","","","","","","","","","","","","","","","","","","","","","","32.7","","","","","","","","","","","","31.1","","","","","","","","","","","",
"Reino Unido","GBR","Prevalencia de uso de métodos anticonceptivos (% de mujeres entre 15 y 49 años)","SP.DYN.CONU.ZS","","","","","","","","","","","","","","","","","","","","","","","","","","","81","","","","","","","82","","","","","83","82","87.7","80","83","84","84","82","82","","84","","","76.1","","","","","","","","","","","","",
"Georgia","GEO","Prevalencia de uso de métodos anticonceptivos (% de mujeres entre 15 y 49 años)","SP.DYN.CONU.ZS","","","","","","","","","","","","","","","","","","","","","","","","","","","","","","","","","","","","","","","","","40.5","","","","","31.5","45.9","","","32.2","53.4","","","","","","","","39.3","","","","","",
"Ghana","GHA","Prevalencia de uso de métodos anticonceptivos (% de mujeres entre 15 y 49 años)","SP.DYN.CONU.ZS","","","","","","","","","","","","","","","","","","","","","9.5","","","","","","","","12.9","","","","","20.3","20.3","","","","22","22","","","","25.2","","","16.6","","23.5","","","34.7","","19.6","26.7","32.9","28.2","30.8","27.2","","","","","",
"Gibraltar","GIB","Prevalencia de uso de métodos anticonceptivos (% de mujeres entre 15 y 49 años)","SP.DYN.CONU.ZS","","","","","","","","","","","","","","","","","","","","","","","","","","","","","","","","","","","","","","","","","","","","","","","","","","","","","","","","","","","","","","","","",
"Guinea","GIN","Prevalencia de uso de métodos anticonceptivos (% de mujeres entre 15 y 49 años)","SP.DYN.CONU.ZS","","","","","","","","","","","","","","","","","","","","","","","","","","","","","","","","","1.7","","","","","","","6.2","","","","","","9.1","","","","","","","5.6","","","","8.6","","10.9","","","","","",
"Gambia","GMB","Prevalencia de uso de métodos anticonceptivos (% de mujeres entre 15 y 49 años)","SP.DYN.CONU.ZS","","","","","","","","","","","","","","","","","","","","","","","","","","","","","","","11.8","","","","","","","","","","9.5","17.5","","","","","","","","","13.3","","","9","","","","","16.7","","18.9","","","",
"Guinea-Bissau","GNB","Prevalencia de uso de métodos anticonceptivos (% de mujeres entre 15 y 49 años)","SP.DYN.CONU.ZS","","","","","","","","","","","","","","","","","","","","","","","","","","","","","","","","","","","","","","","","","7.6","","","","","","10.3","","","","14.2","","","","16","","","","","21.2","","","","",
"Guinea Ecuatorial","GNQ","Prevalencia de uso de métodos anticonceptivos (% de mujeres entre 15 y 49 años)","SP.DYN.CONU.ZS","","","","","","","","","","","","","","","","","","","","","","","","","","","","","","","","","","","","","","","","","8.6","","","","","","","","","","","12.6","","","","","","","","","","","","",
"Grecia","GRC","Prevalencia de uso de métodos anticonceptivos (% de mujeres entre 15 y 49 años)","SP.DYN.CONU.ZS","","","","","","","","","","","","","","","","","","","","","","","","","","","","","","","","","","","","","","","","61.3","","","","","","","","","","","","","","","","","","","","","","","","",
"Granada","GRD","Prevalencia de uso de métodos anticonceptivos (% de mujeres entre 15 y 49 años)","SP.DYN.CONU.ZS","","","","","","","","","","","","","","","","","","","","","","","","","","31","","","","","54.3","","","","","","","","","","","","","","","","","","","","","","","","","","","","","","","","","",
"Groenlandia","GRL","Prevalencia de uso de métodos anticonceptivos (% de mujeres entre 15 y 49 años)","SP.DYN.CONU.ZS","","","","","","","","","","","","","","","","","","","","","","","","","","","","","","","","","","","","","","","","","","","","","","","","","","","","","","","","","","","","","","","","",
"Guatemala","GTM","Prevalencia de uso de métodos anticonceptivos (% de mujeres entre 15 y 49 años)","SP.DYN.CONU.ZS","","","","","","","","","","","","","","","","","","","18.2","","","","","25","","","","23.2","","","","","","","","31.4","","","","38.2","","","43.3","","","","","","","54.1","","","","","","60.6","","","","","","","","",
"Guam","GUM","Prevalencia de uso de métodos anticonceptivos (% de mujeres entre 15 y 49 años)","SP.DYN.CONU.ZS","","","","","","","","","","","","","","","","","","","","","","","","","","","","","","","","","","","","","","","","","","","","","","","","","","","","","","","","","","","","","","","","",
"Guyana","GUY","Prevalencia de uso de métodos anticonceptivos (% de mujeres entre 15 y 49 años)","SP.DYN.CONU.ZS","","","","","","","","","","","","","","","","29.5","","","","","","","","","","","","","","","","","38.2","","","","","","","","37.3","","","","","34.6","","34.2","","42.5","","","","","33.9","","","","","","29.9","","","",
"Ingreso alto","HIC","Prevalencia de uso de métodos anticonceptivos (% de mujeres entre 15 y 49 años)","SP.DYN.CONU.ZS","","","","","","","","","","","","","","","","","","","","","","","","","","","","","","","","","","","","","","","","","","","","","","","","","","","74.4669063441644","","","","","","","","","","","","","",
"Hong Kong, Región Administrativa Especial","HKG","Prevalencia de uso de métodos anticonceptivos (% de mujeres entre 15 y 49 años)","SP.DYN.CONU.ZS","","","","","","","","42","","","","","49.6","","","","","71.9","","","","","72.3","","","","","80.8","","","","","86","","","","","86","","","","","84","","","","","79.5","","","","","74.8","","","","","66.7","","","","","","",
"Honduras","HND","Prevalencia de uso de métodos anticonceptivos (% de mujeres entre 15 y 49 años)","SP.DYN.CONU.ZS","","","","","","","","","","","","","","","","","","","","","","26.9","","","34.9","","","40.6","","","","","46.7","","","","49.2","","","","","61.8","","","","","65.2","","","","","","73.2","","","","","","","69.4","","","","",
"Países pobres muy endeudados (PPME)","HPC","Prevalencia de uso de métodos anticonceptivos (% de mujeres entre 15 y 49 años)","SP.DYN.CONU.ZS","","","","","","","","","","","","","","","","","","","","","","","","","","","","","","","10.9696814089978","","","","","","","","","","19.1720385608655","","","","","","","","","","25.2958183793771","","","","","","","","","33.079941820775","","","","",
"Croacia","HRV","Prevalencia de uso de métodos anticonceptivos (% de mujeres entre 15 y 49 años)","SP.DYN.CONU.ZS","","","","","","","","","","","","","","","","","","","","","","","","","","","","","","","","","","","","","","","","","","","","","","","","","","","","","","","","","","","","","","","","",
"Haití","HTI","Prevalencia de uso de métodos anticonceptivos (% de mujeres entre 15 y 49 años)","SP.DYN.CONU.ZS","","","","","","","","","","","","","","","","","","18.9","","","","","","6.9","","","","6.7","","10.2","","","","","","18","","","","","28.1","","","","","","32","","","","","","34.5","","","","","34.3","","","","","","",
"Hungría","HUN","Prevalencia de uso de métodos anticonceptivos (% de mujeres entre 15 y 49 años)","SP.DYN.CONU.ZS","","","","","","","66.6","","","67","","","73","","74","76","","73.1","","","","","","","","","73.1","","","","","","","80.7","","","","","","","","","","","","","","","","61.8","","","","","","","","","","","","","","",
"Sólo BIRF","IBD","Prevalencia de uso de métodos anticonceptivos (% de mujeres entre 15 y 49 años)","SP.DYN.CONU.ZS","","","","","","","","","","","","","","","","","","","","","","","","","","","","","","","","","","","","","","","","","67.236117436739","","","","","","","","","","","","","","","","","","","71.7767313820417","","","","",
"BIRF y la AIF","IBT","Prevalencia de uso de métodos anticonceptivos (% de mujeres entre 15 y 49 años)","SP.DYN.CONU.ZS","","","","","","","","","","","","","","","","","","","","","","","","","","","","","","","","","","","","","","","","","59.0368141608733","","","","","","","","","","52.1503372329657","","","","","","","","","62.5402531290624","","","","",
"total de la AIF","IDA","Prevalencia de uso de métodos anticonceptivos (% de mujeres entre 15 y 49 años)","SP.DYN.CONU.ZS","","","","","","","","","","","","","","","","","","","","","","","","","","","","","","","16.6933538038376","","","","","","","","","","29.3574162407515","","","","","","","","","","31.9608505859453","","","","","","","","","37.676539916775","","","","",
"mezcla de la AIF","IDB","Prevalencia de uso de métodos anticonceptivos (% de mujeres entre 15 y 49 años)","SP.DYN.CONU.ZS","","","","","","","","","","","","","","","","","","","","","","","","","","","","","","","12.5621474812736","","","","","","","","","","28.2515654176181","","","","","","","","","","27.4396250059495","","","","","","","","","31.2124764476061","","","","",
"Indonesia","IDN","Prevalencia de uso de métodos anticonceptivos (% de mujeres entre 15 y 49 años)","SP.DYN.CONU.ZS","","","","","","","","","","","","","","8.6","","","26.3","","","31.2","","","","","","38.5","","47.7","","","","49.7","","53.1","54.7","54.2","54.2","57.4","55.4","55.4","54.8","52.5","54.2","60.3","56.7","57.9","57.9","61.4","61.4","60.6","61","61.3","61.9","62","61.6","60","59.4","63.6","","","","","","",
"Sólo AIF","IDX","Prevalencia de uso de métodos anticonceptivos (% de mujeres entre 15 y 49 años)","SP.DYN.CONU.ZS","","","","","","","","","","","","","","","","","","","","","","","","","","","","","","","19.1663464170748","","","","","","","","","","29.9196530279055","","","","","","","","","","34.2919410443747","","","","","","","","","40.9786971759232","","","","",
"Isla de Man","IMN","Prevalencia de uso de métodos anticonceptivos (% de mujeres entre 15 y 49 años)","SP.DYN.CONU.ZS","","","","","","","","","","","","","","","","","","","","","","","","","","","","","","","","","","","","","","","","","","","","","","","","","","","","","","","","","","","","","","","","",
"India","IND","Prevalencia de uso de métodos anticonceptivos (% de mujeres entre 15 y 49 años)","SP.DYN.CONU.ZS","","","","","","","","","","","","13.6","","","","","","","","","","35.3","","","","","","","44.9","","","","","40.7","","","","","","48.2","46.9","","","53","","54.4","56.3","","54.8","","","","","","","","53.5","","","","66.7","66.7","","",
"No clasificado","INX","Prevalencia de uso de métodos anticonceptivos (% de mujeres entre 15 y 49 años)","SP.DYN.CONU.ZS","","","","","","","","","","","","","","","","","","","","","","","","","","","","","","","","","","","","","","","","","","","","","","","","","","","","","","","","","","","","","","","","",
"Irlanda","IRL","Prevalencia de uso de métodos anticonceptivos (% de mujeres entre 15 y 49 años)","SP.DYN.CONU.ZS","","","","","","","","","","","","","","","","","","","","","","","","","","","","","","","","","","","","","","","","","","","","","73.7","64.8","","","","","73.3","","","","","","","","","","","","","",
"Irán, República Islámica del","IRN","Prevalencia de uso de métodos anticonceptivos (% de mujeres entre 15 y 49 años)","SP.DYN.CONU.ZS","","","","","","","","","","","","","","","","","","36","","","","","","","","","","","","48.9","","","64.6","67.8","70","72.8","73.7","72.9","","","73.8","","73.3","","","","","","","","","77.4","","","","","","","","","","","","",
"Iraq","IRQ","Prevalencia de uso de métodos anticonceptivos (% de mujeres entre 15 y 49 años)","SP.DYN.CONU.ZS","","","","","","","","","","","","","","","14.5","","","","","","","","","","","","","","","13.7","","","","","","","","","","","43.5","","","","","","49.8","","","","","52.5","","","","","","","52.8","","","","","",
"Islandia","ISL","Prevalencia de uso de métodos anticonceptivos (% de mujeres entre 15 y 49 años)","SP.DYN.CONU.ZS","","","","","","","","","","","","","","","","","","","","","","","","","","","","","","","","","","","","","","","","","","","","","","","","","","","","","","","","","","","","","","","","",
"Israel","ISR","Prevalencia de uso de métodos anticonceptivos (% de mujeres entre 15 y 49 años)","SP.DYN.CONU.ZS","","","","","","","","","","","","","","","","","","","","","","","","","","","","","68","","","","","","","","","","","","","","","","","","","","","","","","","","","","","","","","","","","",
"Italia","ITA","Prevalencia de uso de métodos anticonceptivos (% de mujeres entre 15 y 49 años)","SP.DYN.CONU.ZS","","","","","","","","","","","","","","","","","","","","","","","","","","","","","","","","","","","","","62.7","","","","","","","","","","","","","","","","","65.1","","","","","","","","","","",
"Jamaica","JAM","Prevalencia de uso de métodos anticonceptivos (% de mujeres entre 15 y 49 años)","SP.DYN.CONU.ZS","","","","","","","","","","","","","","","","","38.3","","","54.9","","","","51.4","","","","","","54.6","","","","62","","","","65.7","","","","","","69.1","","","","","","72.5","","","","","","","","","","","","","","",
"Jordania","JOR","Prevalencia de uso de métodos anticonceptivos (% de mujeres entre 15 y 49 años)","SP.DYN.CONU.ZS","","","","","","","","","","","","","26.1","","","","25.2","","","","","","","26","","","","","","","34.9","","","","","","","52.6","","","","","55.8","","","","","56.8","","59.3","","","61.2","","","","","","51.8","","","","","",
"Japón","JPN","Prevalencia de uso de métodos anticonceptivos (% de mujeres entre 15 y 49 años)","SP.DYN.CONU.ZS","","42","","44.6","","55.5","","53","","52.1","","52.6","","59.3","","60.5","","60.4","","62.2","","","","","57.3","","62.8","64.5","56.3","","57.9","","64","","58.6","","56.6","60.4","54.1","","55.9","","","","52","54.3","","","","","","","","","54.7","39.8","","","","","","","","",
"Kazajstán","KAZ","Prevalencia de uso de métodos anticonceptivos (% de mujeres entre 15 y 49 años)","SP.DYN.CONU.ZS","","","","","","","","","","","","","","","","","","","","","","","","","","","","","","","","","","","","59.1","","","","66.1","","","","","","","50.7","","","","","51","","","","55.7","","","53","","","","","",
"Kenya","KEN","Prevalencia de uso de métodos anticonceptivos (% de mujeres entre 15 y 49 años)","SP.DYN.CONU.ZS","","","","","","","","","","","","","","","","","","","7","","","","","","17","","","","","26.9","","","","32.7","","","","","39","","","","","39.3","","","","","","45.5","","","","","58","64.1","61.2","60","61.9","59.7","65.1","","","",
"Kirguistán","KGZ","Prevalencia de uso de métodos anticonceptivos (% de mujeres entre 15 y 49 años)","SP.DYN.CONU.ZS","","","","","","","","","","","","","","","","","","","","","","","","","","","","","","","","","","","","","","59.5","","","","","","","","","47.8","","","","","","36.3","","41.9","","","","39.4","","","","","",
"Camboya","KHM","Prevalencia de uso de métodos anticonceptivos (% de mujeres entre 15 y 49 años)","SP.DYN.CONU.ZS","","","","","","","","","","","","","","","","","","","","","","","","","","","","","","","","","","","","12.6","","","21.8","","23.8","","","","","40","40","","","","50.5","50.5","","","56.3","","","","","","","","","",
"Kiribati","KIR","Prevalencia de uso de métodos anticonceptivos (% de mujeres entre 15 y 49 años)","SP.DYN.CONU.ZS","","","","","","","","","","","","","","","","","","","","","","","","","","","","","","","","","","","","","","","","","40.7","","","","","","","","20","22.3","","","","","","","","","","33.6","","","","",
"Saint Kitts y Nevis","KNA","Prevalencia de uso de métodos anticonceptivos (% de mujeres entre 15 y 49 años)","SP.DYN.CONU.ZS","","","","","","","","","","","","","","","","","","","","","","","","","40.6","","","","","","","","","","","","","","","","","","","","","","","","","","","","","","","","","","","","","","","",
"Corea, República de","KOR","Prevalencia de uso de métodos anticonceptivos (% de mujeres entre 15 y 49 años)","SP.DYN.CONU.ZS","","","","","","16","20","","","","","24.2","","","34.9","","44.2","","","54.5","","","57.7","","","70.4","","","77.1","","","79.4","","","77.4","","","80.5","","","79.3","","","84.5","","80.2","79.6","","","80","","","77.1","","","79.6","","","82.3","","","","","",
"Kuwait","KWT","Prevalencia de uso de métodos anticonceptivos (% de mujeres entre 15 y 49 años)","SP.DYN.CONU.ZS","","","","","","","","","","","","","","","","","","","","","","","","","","39","","34.6","","","","","","","49.8","","50.2","","","52","","","","","","","","","","","","","","","","","","","","","","","","",
"América Latina y el Caribe (excluido altos ingresos)","LAC","Prevalencia de uso de métodos anticonceptivos (% de mujeres entre 15 y 49 años)","SP.DYN.CONU.ZS","","","","","","","","","","","","","","","","","","","","","","","","","","","","","","","","","","","","","","","","","","","","","","","","","","","","","","","","","","","","","","","","",
"República Democrática Popular Lao","LAO","Prevalencia de uso de métodos anticonceptivos (% de mujeres entre 15 y 49 años)","SP.DYN.CONU.ZS","","","","","","","","","","","","","","","","","","","","","","","","","","","","","","","","","","18.6","","20","","","","","32.2","","","","","38.4","","","","","","","49.6","","","","","56.3","","","","","","",
"Líbano","LBN","Prevalencia de uso de métodos anticonceptivos (% de mujeres entre 15 y 49 años)","SP.DYN.CONU.ZS","","","","","","","","","","","","53","","","","","","","","","","","","","61.7","","","","","","","","","","","","61.1","","","","62.7","","","","58","","","","","54.5","","","","","","","","","","","","","","",
"Liberia","LBR","Prevalencia de uso de métodos anticonceptivos (% de mujeres entre 15 y 49 años)","SP.DYN.CONU.ZS","","","","","","","","","","","","","","","","","","","","","","","","","","","6.4","","","","","","","","","","","","","","","","","","","","","11.4","","","","","","20.2","","","","","","","24.9","","","",
"Libia","LBY","Prevalencia de uso de métodos anticonceptivos (% de mujeres entre 15 y 49 años)","SP.DYN.CONU.ZS","","","","","","","","","","","","","","","","","","","","","","","","","","","","","","","","","","","","45.2","","","","","","","","44.5","","","","41.9","","","","","","","27.7","","","","","","","","","",
"Santa Lucía","LCA","Prevalencia de uso de métodos anticonceptivos (% de mujeres entre 15 y 49 años)","SP.DYN.CONU.ZS","","","","","","","","","","","","","","","","","","","","","","52.2","","","","","","","47.3","","","","","","","","","","","","","","","","","","","","","","","","55.5","","","","","","","","","","","",
"América Latina y el Caribe","LCN","Prevalencia de uso de métodos anticonceptivos (% de mujeres entre 15 y 49 años)","SP.DYN.CONU.ZS","","","","","","","","","","","","","","","","","","","","","","","","","","","","","","","","","","","","","","","","","","","","","","","","","","","","","","","","","","","","","","","","",
"Países menos desarrollados: clasificación de las Naciones Unidas","LDC","Prevalencia de uso de métodos anticonceptivos (% de mujeres entre 15 y 49 años)","SP.DYN.CONU.ZS","","","","","","","","","","","","","","","","","","","","","","","","","","","","","","","19.0316628961643","","","","","","","","","","27.3281430880497","","","","","","","","","","32.7766945838984","","","","","","","","","40.246842716193","","","","",
"Países de ingreso bajo","LIC","Prevalencia de uso de métodos anticonceptivos (% de mujeres entre 15 y 49 años)","SP.DYN.CONU.ZS","","","","","","","","","","","","","","","","","","","","","","","","","","","","","","","15.5742052779071","","","","","","","","","","21.3198012706847","","","","","","","","","","26.1444821794276","","","","","","","","","34.8857496029492","","","","",
"Liechtenstein","LIE","Prevalencia de uso de métodos anticonceptivos (% de mujeres entre 15 y 49 años)","SP.DYN.CONU.ZS","","","","","","","","","","","","","","","","","","","","","","","","","","","","","","","","","","","","","","","","","","","","","","","","","","","","","","","","","","","","","","","","",
"Sri Lanka","LKA","Prevalencia de uso de métodos anticonceptivos (% de mujeres entre 15 y 49 años)","SP.DYN.CONU.ZS","","","","","","","","","","","","","","","","34.4","","48.6","","","","","57.8","","","","","61.7","","","","","","66.1","","","","","","","70","","","","","","","68.4","","","","","","","","","64.6","","","","","","","",
"Países de ingreso mediano bajo","LMC","Prevalencia de uso de métodos anticonceptivos (% de mujeres entre 15 y 49 años)","SP.DYN.CONU.ZS","","","","","","","","","","","","","","","","","","","","","","","","","","","","","","","37.9054141862895","","","","","","","","","","45.7738263469955","","","","","","","","","","51.0316222106903","","","","","","","","","55.7652780603686","","","","",
"Ingreso mediano y bajo","LMY","Prevalencia de uso de métodos anticonceptivos (% de mujeres entre 15 y 49 años)","SP.DYN.CONU.ZS","","","","","","","","","","","","","","","","","","","","","","","","","","","","","","","","","","","","","","","","","59.0445124538971","","","","","","","","","","52.1769484200282","","","","","","","","","62.5491606913987","","","","",
"Lesotho","LSO","Prevalencia de uso de métodos anticonceptivos (% de mujeres entre 15 y 49 años)","SP.DYN.CONU.ZS","","","","","","","","","","","","","","","","","","6","","","","","","","","","","","","","","","","","","28.6","","","","","30.4","40.6","38","","37.3","37.3","","","","47","47","63.4","","","60.2","","","","64.9","","","","","",
"avanzada del dividendo demográfico","LTE","Prevalencia de uso de métodos anticonceptivos (% de mujeres entre 15 y 49 años)","SP.DYN.CONU.ZS","","","","","","","","","","","","","","","","","","","","","","","","","","","","","","","","","","","","","","","","","83.7069970649013","","","","","","","","","","","","","","","","","","","81.1414700095646","","","","",
"Lituania","LTU","Prevalencia de uso de métodos anticonceptivos (% de mujeres entre 15 y 49 años)","SP.DYN.CONU.ZS","","","","","","","","","","","","","","","","","","","","","","","","","","","","","","","","","","","","50.7","","","","","","","","","","","65.1","","","68.6","","","","","","","","","","","","","","",
"Luxemburgo","LUX","Prevalencia de uso de métodos anticonceptivos (% de mujeres entre 15 y 49 años)","SP.DYN.CONU.ZS","","","","","","","","","","","","","","","","","","","","","","","","","","","","","","","","","","","","","","","","","","","","","","","","","","","","","","","","","","","","","","","","",
"Letonia","LVA","Prevalencia de uso de métodos anticonceptivos (% de mujeres entre 15 y 49 años)","SP.DYN.CONU.ZS","","","","","","","","","","","","","","","","","","","","","","","","","","","","","","","","","","","","67.9","","","","","","","","","","","","","","","","","","","","","","","","","","","","",
"Región Administrativa Especial de Macao, China","MAC","Prevalencia de uso de métodos anticonceptivos (% de mujeres entre 15 y 49 años)","SP.DYN.CONU.ZS","","","","","","","","","","","","","","","","","","","","","","","","","","","","","","","","","","","","","","","","","","","","","","","","","","","","","","","","","","","","","","","","",
"Isla de San Martín (parte francesa)","MAF","Prevalencia de uso de métodos anticonceptivos (% de mujeres entre 15 y 49 años)","SP.DYN.CONU.ZS","","","","","","","","","","","","","","","","","","","","","","","","","","","","","","","","","","","","","","","","","","","","","","","","","","","","","","","","","","","","","","","","",
"Marruecos","MAR","Prevalencia de uso de métodos anticonceptivos (% de mujeres entre 15 y 49 años)","SP.DYN.CONU.ZS","","","","","","","","","","","","","","","","","","","","","19.4","","","","25.5","","","35.8","","","","","41.5","","","50.3","","58.4","","","","","","","63","","","","","","","67.4","","","","","","","70.8","","","","","",
"Mónaco","MCO","Prevalencia de uso de métodos anticonceptivos (% de mujeres entre 15 y 49 años)","SP.DYN.CONU.ZS","","","","","","","","","","","","","","","","","","","","","","","","","","","","","","","","","","","","","","","","","","","","","","","","","","","","","","","","","","","","","","","","",
"República de Moldova","MDA","Prevalencia de uso de métodos anticonceptivos (% de mujeres entre 15 y 49 años)","SP.DYN.CONU.ZS","","","","","","","","","","","","","","","","","","","","","","","","","","","","","","","","","","","","","","73.7","","","62.4","","","","","67.8","","","","","","","59.5","","","","","","","","56","","","",
"Madagascar","MDG","Prevalencia de uso de métodos anticonceptivos (% de mujeres entre 15 y 49 años)","SP.DYN.CONU.ZS","","","","","","","","","","","","","","","","","","","","","","","","","","","","","","","","","16.7","","","","","19.4","","25","18.8","","","","27.1","","","","","39.9","","","","39.8","","","","47.9","44.4","","49.7","49.7","","",
"Maldivas","MDV","Prevalencia de uso de métodos anticonceptivos (% de mujeres entre 15 y 49 años)","SP.DYN.CONU.ZS","","","","","","","","","","","","","","","","","","","","","","","","","","","","","","","","29","","","","","","","","42","","","","","39","","","","","34.7","","","","","","","","18.8","","","","","","",
"Oriente Medio y Norte de África","MEA","Prevalencia de uso de métodos anticonceptivos (% de mujeres entre 15 y 49 años)","SP.DYN.CONU.ZS","","","","","","","","","","","","","","","","","","","","","","","","","","","","","","","42.7476261733847","","","","","","","","","","57.6890092385784","","","","","","","","","","64.2676958806357","","","","","","","","","","","","","",
"México","MEX","Prevalencia de uso de métodos anticonceptivos (% de mujeres entre 15 y 49 años)","SP.DYN.CONU.ZS","","","","","","","","","","","","","","","","","","30.3","40","37.8","","","47.7","","","","","52.7","","","","","63.1","","","66.5","","68.4","","","","","","74.5","","","70.9","","","72.5","","","","","72.3","66.9","","","73.1","","","","","",
"Islas Marshall","MHL","Prevalencia de uso de métodos anticonceptivos (% de mujeres entre 15 y 49 años)","SP.DYN.CONU.ZS","","","","","","","","","","","","","","","","","","","","","","","","","","","","","","","","","","","","","","","","","","","","","","","","44.6","","","","","","","","","","","","","","","","",
" Ingreso mediano","MIC","Prevalencia de uso de métodos anticonceptivos (% de mujeres entre 15 y 49 años)","SP.DYN.CONU.ZS","","","","","","","","","","","","","","","","","","","","","","","","","","","","","","","","","","","","","","","","","61.7572374736205","","","","","","","","","","","","","","","","","","","65.2812972070088","","","","",
"Macedonia del Norte","MKD","Prevalencia de uso de métodos anticonceptivos (% de mujeres entre 15 y 49 años)","SP.DYN.CONU.ZS","","","","","","","","","","","","","","","","","","","","","","","","","","","","","","","","","","","","","","","","","","","","","","","","","","","","40.4","","","","","","","","59.9","","","","",
"Malí","MLI","Prevalencia de uso de métodos anticonceptivos (% de mujeres entre 15 y 49 años)","SP.DYN.CONU.ZS","","","","","","","","","","","","","","","","","","","","","","","","","","","","4.7","","","","","","","","","6.7","","","","","8.1","","","","","8.2","","","","9.8","","","10.3","","15.6","","","17.2","","","","","",
"Malta","MLT","Prevalencia de uso de métodos anticonceptivos (% de mujeres entre 15 y 49 años)","SP.DYN.CONU.ZS","","","","","","","","","","","","87","","","","","","","","","","","","","","","","","","","","","","85.8","","","","","","","","","","","","","","","","","","","","","","","","","","","","","","",
"Myanmar","MMR","Prevalencia de uso de métodos anticonceptivos (% de mujeres entre 15 y 49 años)","SP.DYN.CONU.ZS","","","","","","","","","","","","","","","","","","","","","","","","","","","","","","","","16.8","","","","","","32.7","","","","32.5","","","","","","41","","","","","","","","","52.2","","","","","","","",
"Oriente Medio y Norte de África (excluido altos ingresos)","MNA","Prevalencia de uso de métodos anticonceptivos (% de mujeres entre 15 y 49 años)","SP.DYN.CONU.ZS","","","","","","","","","","","","","","","","","","","","","","","","","","","","","","","42.3413124711857","","","","","","","","","","60.9102777681429","","","","","","","","","","64.7262182813811","","","","","","","","","","","","","",
"Montenegro","MNE","Prevalencia de uso de métodos anticonceptivos (% de mujeres entre 15 y 49 años)","SP.DYN.CONU.ZS","","","","","","","","","","","","","","","","","","","","","","","","","","","","","","","","","","","","","","","","","52.7","","","","","","39.6","","","","","","","23.2","","","","","20.7","","","","","",
"Mongolia","MNG","Prevalencia de uso de métodos anticonceptivos (% de mujeres entre 15 y 49 años)","SP.DYN.CONU.ZS","","","","","","","","","","","","","","","","","","","","","","","","","","","","","","","","","","","","","57.3","","59.9","","67.4","","","69","","66","","","55.2","","54.9","","","54.6","","","","","48.1","","","","","",
"Mariana","MNP","Prevalencia de uso de métodos anticonceptivos (% de mujeres entre 15 y 49 años)","SP.DYN.CONU.ZS","","","","","","","","","","","","","","","","","","","","","","","","","","","","","","","","","","","","","","","","","","","","","","","","","","","","","","","","","","","","","","","","",
"Mozambique","MOZ","Prevalencia de uso de métodos anticonceptivos (% de mujeres entre 15 y 49 años)","SP.DYN.CONU.ZS","","","","","","","","","","","","","","","","","","","","","","","","","","","","","","","","","","","","","","5.6","","","","","","16.5","18.1","","","","16.2","11.6","","11.6","","","","27.1","","","","","","","","",
"Mauritania","MRT","Prevalencia de uso de métodos anticonceptivos (% de mujeres entre 15 y 49 años)","SP.DYN.CONU.ZS","","","","","","","","","","","","","","","","","","","","","","0.8","","","","","","","","","","4.1","","","","","","","","","","8","","","","","","9.3","","","","11.4","","","","17.8","","","","","11.5","14.3","","",
"Mauricio","MUS","Prevalencia de uso de métodos anticonceptivos (% de mujeres entre 15 y 49 años)","SP.DYN.CONU.ZS","","","","","","","","","","","","","","","","","","","","","","","","","","79.5","","","","","","74.6","","","","","","","","","","","75.9","","","","","","","","","","","","63.8","","","","","","","","","",
"Malawi","MWI","Prevalencia de uso de métodos anticonceptivos (% de mujeres entre 15 y 49 años)","SP.DYN.CONU.ZS","","","","","","","","","","","","","","","","","","","","","","","","","6.9","","","","","","","","13","","","","21.9","","","","30.6","","","","32.5","32.5","41","","","","46.1","","","","58.6","","59.2","","","","65.6","","","",
"Malasia","MYS","Prevalencia de uso de métodos anticonceptivos (% de mujeres entre 15 y 49 años)","SP.DYN.CONU.ZS","","","","","","","","8.7","","","","","","","33","","","","","","","","","","51.4","","","","48.3","","","","","","55.1","","","","","","","","","","49","","","","","","","","","","52.2","","","","","","","","","",
"América del Norte","NAC","Prevalencia de uso de métodos anticonceptivos (% de mujeres entre 15 y 49 años)","SP.DYN.CONU.ZS","","","","","","","","","","","","","","","","","","","","","","","","","","","","","","","70.7","","","","","","","","","","73.5142642773692","","","","","","","","","","76.4","","","","","","","","","73.9","","","","",
"Namibia","NAM","Prevalencia de uso de métodos anticonceptivos (% de mujeres entre 15 y 49 años)","SP.DYN.CONU.ZS","","","","","","","","","","","","","","","","","","","","","","","","","","","","","","40.9","","","28.9","","","","","","","","43.7","","","","","","","55.1","","","","","","56.1","","","","","","","","","","",
"Nueva Caledonia","NCL","Prevalencia de uso de métodos anticonceptivos (% de mujeres entre 15 y 49 años)","SP.DYN.CONU.ZS","","","","","","","","","","","","","","","","","","","","","","","","","","","","","","","","","","","","","","","","","","","","","","","","","","","","","","","","","","","","","","","","",
"Níger","NER","Prevalencia de uso de métodos anticonceptivos (% de mujeres entre 15 y 49 años)","SP.DYN.CONU.ZS","","","","","","","","","","","","","","","","","","","","","","","","","","","","","","","","","4.4","","","","","","8.2","","14","","","","","","11.2","","","","","","13.9","","","14.7","17","18.9","11.1","","","11","","",
"Nigeria","NGA","Prevalencia de uso de métodos anticonceptivos (% de mujeres entre 15 y 49 años)","SP.DYN.CONU.ZS","","","","","","","","","","","","","","","","","","","","","","","6.8","","","","","","","","6","","","","","","","","","15.2","","","","12.6","","","","14.7","14.6","","","17.5","13.5","15.1","","","22.1","13.4","16.6","","","","","",
"Nicaragua","NIC","Prevalencia de uso de métodos anticonceptivos (% de mujeres entre 15 y 49 años)","SP.DYN.CONU.ZS","","","","","","","","","","","","","","","","","","","","","","27","","","","","","","","","","","","48.7","","","","","60.3","","","68.6","","","","","","72.4","","","","","80.4","","","","","","","","","","","",
"Países Bajos","NLD","Prevalencia de uso de métodos anticonceptivos (% de mujeres entre 15 y 49 años)","SP.DYN.CONU.ZS","","","","","","","","","","59","","","","","","75","","","","","","","76.8","","","","","","76.3","","","","","78.5","","","","","75","","","","","75","","","","","75","","","","","73","","","","","","","","","","",
"Noruega","NOR","Prevalencia de uso de métodos anticonceptivos (% de mujeres entre 15 y 49 años)","SP.DYN.CONU.ZS","","","","","","","","","","","","","","","","","","","","","","","","","","","","","","73.8","","","","","","","","","","","","","","","","","","","","","","","","","","","","","","","","","","",
"Nepal","NPL","Prevalencia de uso de métodos anticonceptivos (% de mujeres entre 15 y 49 años)","SP.DYN.CONU.ZS","","","","","","","","","","","","","","","","","2.4","","","","","6.8","","","","","15.1","","","","","","24.1","","","","28.5","","","","37.3","39.3","","","38.3","","48","","","","","49.7","","","49.6","","52.6","52.6","","46.7","","","","",
"Nauru","NRU","Prevalencia de uso de métodos anticonceptivos (% de mujeres entre 15 y 49 años)","SP.DYN.CONU.ZS","","","","","","","","","","","","","","","","","","","","","","","","","","","","","","","","","","","","","","","","","","","","","","","","35.6","","","","","","","","","","","","","","","","",
"Nueva Zelandia","NZL","Prevalencia de uso de métodos anticonceptivos (% de mujeres entre 15 y 49 años)","SP.DYN.CONU.ZS","","","","","","","","","","","","","","","","","70.1","","","","","","","","","","","","","","","","","","","74.3","","","","","","","","","","","","","","","","","","","","","","","","","","","","",
"Miembros OCDE","OED","Prevalencia de uso de métodos anticonceptivos (% de mujeres entre 15 y 49 años)","SP.DYN.CONU.ZS","","","","","","","","","","","","","","","","","","","","","","","","","","","","","","","68.8800850879425","","","","","","","","","","","","","","","","","","","","74.5472019128668","","","","","","","","","","","","","",
"Omán","OMN","Prevalencia de uso de métodos anticonceptivos (% de mujeres entre 15 y 49 años)","SP.DYN.CONU.ZS","","","","","","","","","","","","","","","","","","","","","","","","","","","","","","8.6","","","","","","23.7","","","","","31.7","","","","","","","","24.4","","","","","","29.7","","","","","","","","","",
"Otros Estados pequeos","OSS","Prevalencia de uso de métodos anticonceptivos (% de mujeres entre 15 y 49 años)","SP.DYN.CONU.ZS","","","","","","","","","","","","","","","","","","","","","","","","","","","","","","","","","","","","","","","","","33.5528789323896","","","","","","","","","","38.6635610405627","","","","","","","","","","","","","",
"Pakistán","PAK","Prevalencia de uso de métodos anticonceptivos (% de mujeres entre 15 y 49 años)","SP.DYN.CONU.ZS","","","","","","","","","","5.5","","","","","","5.4","","","","","3.3","","","","","9.1","","","","","","11.8","","21.9","","17.8","13","23.9","","17","","27.6","","32.1","","","26","29.6","27","","","","29","35.4","32","","","","34.2","34","","","","",
"Panamá","PAN","Prevalencia de uso de métodos anticonceptivos (% de mujeres entre 15 y 49 años)","SP.DYN.CONU.ZS","","","","","","","","","","","","","","","","","53.9","","","60.6","","","","","","58.2","","","","","","","","","","","","","","","","","","","","","","","","62.5","","","","62.8","","50.8","","","","","","","","",
"Perú","PER","Prevalencia de uso de métodos anticonceptivos (% de mujeres entre 15 y 49 años)","SP.DYN.CONU.ZS","","","","","","","","","","","26","","","","","","","","31.4","","","41","","","","","45.8","","","","","","59","","","","64.2","","","","68.9","","","","","71.3","71.3","","72.4","73.2","74.4","75.4","75.5","74","74.6","74.6","76.2","75.4","76.3","75.9","77.4","","","",
"Filipinas","PHL","Prevalencia de uso de métodos anticonceptivos (% de mujeres entre 15 y 49 años)","SP.DYN.CONU.ZS","","","","","","","","","","","","","","","","","","","36.2","","","","","","","","","","","","","","","40","","50.7","48.1","47","47.8","49.3","47","49.5","48.8","48.9","49.3","49.3","50.6","","50.7","","","48.9","","55.1","","","","54.3","","","","","","",
"Palau","PLW","Prevalencia de uso de métodos anticonceptivos (% de mujeres entre 15 y 49 años)","SP.DYN.CONU.ZS","","","","","","","","","","","","","","","","","","","","","","","","","","","","","","","","","","","","","","","","","","","","","","","","","","","","","","","","","","","","","","","","",
"Papua Nueva Guinea","PNG","Prevalencia de uso de métodos anticonceptivos (% de mujeres entre 15 y 49 años)","SP.DYN.CONU.ZS","","","","","","","","","","","","","","","","","","","","","","","","","","","","","","","","","","","","","","25.9","","","","","","","","","","32.4","","","","","","","","","","36.7","36.7","","","","","",
"Polonia","POL","Prevalencia de uso de métodos anticonceptivos (% de mujeres entre 15 y 49 años)","SP.DYN.CONU.ZS","","","","","","","","","","","","","60","","","","","75","","","","","","","","","","","","","","72.8","","","","","","","","","","","","","","","","","","","","50.5","","","63.2","","","","","","","","","",
"previa al dividendo demográfico","PRE","Prevalencia de uso de métodos anticonceptivos (% de mujeres entre 15 y 49 años)","SP.DYN.CONU.ZS","","","","","","","","","","","","","","","","","","","","","","","","","","","","","","","10.3138606531726","","","","","","","","","","19.6739172203836","","","","","","","","","","22.5633736363661","","","","","","","","","29.8310101412067","","","","",
"Puerto Rico","PRI","Prevalencia de uso de métodos anticonceptivos (% de mujeres entre 15 y 49 años)","SP.DYN.CONU.ZS","","","","","","","","","","","","","","","","","","","","","","","69.4","","","","","","","","","","","","","","77.7","","","","","","","","","","","","","","","","","","","","","","","","","","","",
"Corea, República Popular Democrática de","PRK","Prevalencia de uso de métodos anticonceptivos (% de mujeres entre 15 y 49 años)","SP.DYN.CONU.ZS","","","","","","","","","","","","","","","","","","","","","","","","","","","","","","","","61.9","","","","","","67.3","","","","","68.6","","67.6","","69.1","","","","70.6","","","","78.2","","","70.2","","","","","","",
"Portugal","PRT","Prevalencia de uso de métodos anticonceptivos (% de mujeres entre 15 y 49 años)","SP.DYN.CONU.ZS","","","","","","","","","","","","","","","","","","","","","76.2","","","","","","","","","","","","","","","","","","","","","","","","","","85.1","","","","","","","","73.9","","","","","","","","","",
"Paraguay","PRY","Prevalencia de uso de métodos anticonceptivos (% de mujeres entre 15 y 49 años)","SP.DYN.CONU.ZS","","","","","","","","","","","","","","","","","","28.6","","37.7","","","","","","","","44.8","","","48.4","","","","","","55.9","","62.3","","","","","","72.8","","","","79.4","","","","","","","","68.4","","","","","","","",
"Ribera Occidental y Gaza","PSE","Prevalencia de uso de métodos anticonceptivos (% de mujeres entre 15 y 49 años)","SP.DYN.CONU.ZS","","","","","","","","","","","","","","","","","","","","","","","","","","","","","","","","","","","","","45.2","","","","51.4","","","","50.8","","","50.2","","","52.5","","","","57.2","","","","","","57.3","","","",
"Estados pequeos de las Islas del Pacfico","PSS","Prevalencia de uso de métodos anticonceptivos (% de mujeres entre 15 y 49 años)","SP.DYN.CONU.ZS","","","","","","","","","","","","","","","","","","","","","","","","","","","","","","","","","","","","","","","","","","","","","","","","","","","","","","","","","","","","","","","","",
"posterior al dividendo demográfico","PST","Prevalencia de uso de métodos anticonceptivos (% de mujeres entre 15 y 49 años)","SP.DYN.CONU.ZS","","","","","","","","","","","","","","","","","","","","","","","","","","","","","","","","","","","","","","","","","71.6881218474648","","","","","","","","","","75.0601554799327","","","","","","","","","","","","","",
"Polinesia Francesa","PYF","Prevalencia de uso de métodos anticonceptivos (% de mujeres entre 15 y 49 años)","SP.DYN.CONU.ZS","","","","","","","","","","","","","","","","","","","","","","","","","","","","","","","","","","","","","","","","","","","","","","","","","","","","","","","","","","","","","","","","",
"Qatar","QAT","Prevalencia de uso de métodos anticonceptivos (% de mujeres entre 15 y 49 años)","SP.DYN.CONU.ZS","","","","","","","","","","","","","","","","","","","","","","","","","","","","32.3","","","","","","","","","","","43.2","","","","","","","","","","","","","","37.5","","","","","","","","","","","",
"Rumania","ROU","Prevalencia de uso de métodos anticonceptivos (% de mujeres entre 15 y 49 años)","SP.DYN.CONU.ZS","","","","","","","","","","","","","","","","","","","","","","","","","","","","","","","","","","57.3","","","","","","63.8","","","","","70.3","69.8","","","","","","","","","","","","","","","","","","",
"Federación de Rusia","RUS","Prevalencia de uso de métodos anticonceptivos (% de mujeres entre 15 y 49 años)","SP.DYN.CONU.ZS","","","","","","","","","","","","","","","","","","","","","","","","","","","","","","","","","","62.5","66.8","63.4","65.3","","","","","","","","68.5","","","63","","","","68","","","","","","","","","","","","",
"Rwanda","RWA","Prevalencia de uso de métodos anticonceptivos (% de mujeres entre 15 y 49 años)","SP.DYN.CONU.ZS","","","","","","","","","","","","","","","","","","","","","","","","11","","","","","","","","","21.2","","","","","","","","13.2","","","","","17.4","","","36.4","","51.6","51.6","","","","53.2","","","","","64.1","","","",
"Asia meridional","SAS","Prevalencia de uso de métodos anticonceptivos (% de mujeres entre 15 y 49 años)","SP.DYN.CONU.ZS","","","","","","","","","","","","","","","","","","","","","","","","","","","","","","","40.8342460612582","","","","","","","","","","45.3389302865837","","","","","","","","","","51.970285017778","","","","","","","","","61.4438362701752","","","","",
"Arabia Saudita","SAU","Prevalencia de uso de métodos anticonceptivos (% de mujeres entre 15 y 49 años)","SP.DYN.CONU.ZS","","","","","","","","","","","","","","","","","","","","","","","","","","","","","","","","","","","","","","31.8","","20.8","","","","","","","","23.8","","","","","","","","","24.6","","","27.6","","","","",
"Sudán","SDN","Prevalencia de uso de métodos anticonceptivos (% de mujeres entre 15 y 49 años)","SP.DYN.CONU.ZS","","","","","","","","","","","","","","","","","","","","4.6","","","","","","","","","","","8.7","","","9.9","","","","","","7","","","","","","","9.5","","","","9.1","","","","12.8","","","","","","","","","",
"Senegal","SEN","Prevalencia de uso de métodos anticonceptivos (% de mujeres entre 15 y 49 años)","SP.DYN.CONU.ZS","","","","","","","","","","","","","","","","","","","3.9","","","","","","","","11.3","","","","","","","7.5","","","","12.9","","10.5","","","","","","11.8","","","","","","13.1","","17.8","22.2","23.3","25.1","27.8","27.1","26.9","","","","",
"Singapur","SGP","Prevalencia de uso de métodos anticonceptivos (% de mujeres entre 15 y 49 años)","SP.DYN.CONU.ZS","","","","","","","","","","","","","","60.1","","","","71.3","","","","","74","","","","","67","","","","","65","","","","","62","","","","","","","","","","","","","","","","","","","","","","","","","","",
"Islas Salomón","SLB","Prevalencia de uso de métodos anticonceptivos (% de mujeres entre 15 y 49 años)","SP.DYN.CONU.ZS","","","","","","","","","","","","","","","","","","","","","","","","","","","","","","","","","","","","","","","","","","","","","","","","34.6","","","","","","","","29.3","","","","","","","","",
"Sierra Leona","SLE","Prevalencia de uso de métodos anticonceptivos (% de mujeres entre 15 y 49 años)","SP.DYN.CONU.ZS","","","","","","","","","","","","","","","","","","","","","","","","","","","","","","","","","","","","","","","","","4.3","","","","","5.3","","","8.2","","11","","","16.6","","","","22.5","","21.2","","","","",
"El Salvador","SLV","Prevalencia de uso de métodos anticonceptivos (% de mujeres entre 15 y 49 años)","SP.DYN.CONU.ZS","","","","","","","","","","","","","","","","21.6","","","34.4","","","","","","","47.3","","","47.1","","","","","53.3","","","","","59.7","","","","","67.3","","","","","72.5","","","","","","71.8","","","","","","","","","",
"San Marino","SMR","Prevalencia de uso de métodos anticonceptivos (% de mujeres entre 15 y 49 años)","SP.DYN.CONU.ZS","","","","","","","","","","","","","","","","","","","","","","","","","","","","","","","","","","","","","","","","","","","","","","","","","","","","","","","","","","","","","","","","",
"Somalia","SOM","Prevalencia de uso de métodos anticonceptivos (% de mujeres entre 15 y 49 años)","SP.DYN.CONU.ZS","","","","","","","","","","","","","","","","","","","","","","","","","","","","","","","","","","","","","","","","7.9","","","","","","","14.6","","","","","9.8","","","","","","","","6.9","","","","",
"Serbia","SRB","Prevalencia de uso de métodos anticonceptivos (% de mujeres entre 15 y 49 años)","SP.DYN.CONU.ZS","","","","","","","","","","","","","","","","","","","","","","","","","","","","","","","","","","","","","","","","","58.7","","","","","","41.3","","","","60.8","","","","58.4","","","","","62.3","","","","",
"África al sur del Sahara (excluido altos ingresos)","SSA","Prevalencia de uso de métodos anticonceptivos (% de mujeres entre 15 y 49 años)","SP.DYN.CONU.ZS","","","","","","","","","","","","","","","","","","","","","","","","","","","","","","","15.4365635335915","","","","","","","","","","22.2514314909159","","","","","","","","","","23.7715311198163","","","","","","","","","32.7302207816646","","","","",
"Sudán del Sur","SSD","Prevalencia de uso de métodos anticonceptivos (% de mujeres entre 15 y 49 años)","SP.DYN.CONU.ZS","","","","","","","","","","","","","","","","","","","","","","","","","","","","","","","","","","","","","","","","","","","","","","","3.5","","","","4","","","","","","","","","","","","","",
"África al sur del Sahara","SSF","Prevalencia de uso de métodos anticonceptivos (% de mujeres entre 15 y 49 años)","SP.DYN.CONU.ZS","","","","","","","","","","","","","","","","","","","","","","","","","","","","","","","15.4365635335915","","","","","","","","","","22.2514314909159","","","","","","","","","","23.7715311198163","","","","","","","","","32.7302207816646","","","","",
"Pequeños Estados","SST","Prevalencia de uso de métodos anticonceptivos (% de mujeres entre 15 y 49 años)","SP.DYN.CONU.ZS","","","","","","","","","","","","","","","","","","","","","","","","","","","","","","","","","","","","","","","","","34.541370767213","","","","","","","","","","43.682621086074","","","","","","","","","","","","","",
"Santo Tomé y Príncipe","STP","Prevalencia de uso de métodos anticonceptivos (% de mujeres entre 15 y 49 años)","SP.DYN.CONU.ZS","","","","","","","","","","","","","","","","","","","","","","","","","","","","","","","","","","","","","","","","","29.3","","","","","","30.7","","","38.4","","","","","40.5","","","","","49.7","","","","",
"Suriname","SUR","Prevalencia de uso de métodos anticonceptivos (% de mujeres entre 15 y 49 años)","SP.DYN.CONU.ZS","","","","","","","","","","","","","","","","","","","","","","","","","","","","","","","","","","","","","","","","","42.1","","","","","","45.6","","","","47.6","","","","","","","","39.1","","","","","",
"República Eslovaca","SVK","Prevalencia de uso de métodos anticonceptivos (% de mujeres entre 15 y 49 años)","SP.DYN.CONU.ZS","","","","","","","","","","","","","","","","","","","","","","","","","","","","","","","","","","","","","","","","","","","","","","","","","","","","","","","","","","","","","","","","",
"Eslovenia","SVN","Prevalencia de uso de métodos anticonceptivos (% de mujeres entre 15 y 49 años)","SP.DYN.CONU.ZS","","","","","","","","","","","","","","","","","","","","","","","","","","","","","","","","","","","","78.9","","","","","","","","","","","","","","","","","","","","","","","","","","","","",
"Suecia","SWE","Prevalencia de uso de métodos anticonceptivos (% de mujeres entre 15 y 49 años)","SP.DYN.CONU.ZS","","","","","","","","","","","","","","","","","","","","","","","","","","","","","","","","","","","","","","","","","","","","","","","","","","","","","","","","","","","","","","","","",
"Eswatini","SWZ","Prevalencia de uso de métodos anticonceptivos (% de mujeres entre 15 y 49 años)","SP.DYN.CONU.ZS","","","","","","","","","","","","","","","","","","","","","","","","","","","","","","19.9","","","","","","","","","","","27.8","","","","","","","50.6","","","65.2","","","","66.1","","","","","","","","","",
"Sint Maarten (Dutch part)","SXM","Prevalencia de uso de métodos anticonceptivos (% de mujeres entre 15 y 49 años)","SP.DYN.CONU.ZS","","","","","","","","","","","","","","","","","","","","","","","","","","","","","","","","","","","","","","","","","","","","","","","","","","","","","","","","","","","","","","","","",
"Seychelles","SYC","Prevalencia de uso de métodos anticonceptivos (% de mujeres entre 15 y 49 años)","SP.DYN.CONU.ZS","","","","","","","","","","","","","","","","","","","","","","","","","","","","","","","","","","","","","","","","","","","","","","","","","","","","","","","","","","","","","","","","",
"República Árabe Siria","SYR","Prevalencia de uso de métodos anticonceptivos (% de mujeres entre 15 y 49 años)","SP.DYN.CONU.ZS","","","","","","","","","","","","","","","","","","","29.5","","","","","","","","","","","","","","","39.6","","","","","","","","46.6","","","","","58.3","","","53.9","","","","","","","","","","","","","","",
"Islas Turcas y Caicos","TCA","Prevalencia de uso de métodos anticonceptivos (% de mujeres entre 15 y 49 años)","SP.DYN.CONU.ZS","","","","","","","","","","","","","","","","","","","","","","","","","","","","","","","","","","","","","","","","","","","","","","","","","","","","","","","","","","","","","34.4","","","",
"Chad","TCD","Prevalencia de uso de métodos anticonceptivos (% de mujeres entre 15 y 49 años)","SP.DYN.CONU.ZS","","","","","","","","","","","","","","","","","","","","","","","","","","","","","","","","","","","","","","4.1","","","7.9","","","","11.1","","","","","","4.8","","","","","5.7","","","","8.1","","","","",
"Asia oriental y el Pacífico (BIRF y la AIF)","TEA","Prevalencia de uso de métodos anticonceptivos (% de mujeres entre 15 y 49 años)","SP.DYN.CONU.ZS","","","","","","","","","","","","","","","","","","","","","","","","","","","","","","","","","","","","","","","","","78.6177566368376","","","","","","","","","","","","","","","","","","","77.4219811720813","","","","",
"Europa y Asia central (BIRF y la AIF)","TEC","Prevalencia de uso de métodos anticonceptivos (% de mujeres entre 15 y 49 años)","SP.DYN.CONU.ZS","","","","","","","","","","","","","","","","","","","","","","","","","","","","","","","","","","","","","","","","","","","","","","","","","","","63.618097902888","","","","","","","","","","","","","",
"Togo","TGO","Prevalencia de uso de métodos anticonceptivos (% de mujeres entre 15 y 49 años)","SP.DYN.CONU.ZS","","","","","","","","","","","","","","","","","","","","","","","","","","","","","33.9","","","","","","","","","","23.5","","25.7","","","","","","16.4","","","","15.2","","","","19.9","","","23.8","","","","","","",
"Tailandia","THA","Prevalencia de uso de métodos anticonceptivos (% de mujeres entre 15 y 49 años)","SP.DYN.CONU.ZS","","","","","","","","","","","14.8","","","26.3","","33.3","","","53.4","","","58.2","","","62.2","","","65.5","","66.2","","","","73.9","","","73.6","72.2","","","","77.8","","","","","76.7","","","79.6","","","79.3","","","","78.3","","","73","","","","",
"Tayikistán","TJK","Prevalencia de uso de métodos anticonceptivos (% de mujeres entre 15 y 49 años)","SP.DYN.CONU.ZS","","","","","","","","","","","","","","","","","","","","","","","","","","","","","","","","","","","","","","","","","33.9","","","","","37.9","","37.1","","","","","27.9","","","","","29.3","","","","","","",
"Turkmenistán","TKM","Prevalencia de uso de métodos anticonceptivos (% de mujeres entre 15 y 49 años)","SP.DYN.CONU.ZS","","","","","","","","","","","","","","","","","","","","","","","","","","","","","","","","","","","","","","","","","61.8","","","","","","48","","","","","","","","","","50.2","","","49.7","","","","",
"América Latina y el Caribe (BIRF y la AIF)","TLA","Prevalencia de uso de métodos anticonceptivos (% de mujeres entre 15 y 49 años)","SP.DYN.CONU.ZS","","","","","","","","","","","","","","","","","","","","","","","","","","","","","","","","","","","","","","","","","","","","","","","","","","","","","","","","","","","","","","","","",
"Timor-Leste","TLS","Prevalencia de uso de métodos anticonceptivos (% de mujeres entre 15 y 49 años)","SP.DYN.CONU.ZS","","","","","","","","","","","","","","","","","","","","","","","","","","","","","","","","25.1","","","22.6","","","26.7","","","","8","","10","","","","19.8","","","22.3","","","","","","26","","","","","","","",
"Oriente Medio y Norte de África (BIRF y la AIF)","TMN","Prevalencia de uso de métodos anticonceptivos (% de mujeres entre 15 y 49 años)","SP.DYN.CONU.ZS","","","","","","","","","","","","","","","","","","","","","","","","","","","","","","","42.3413124711857","","","","","","","","","","61.015712085836","","","","","","","","","","64.8786939736035","","","","","","","","","","","","","",
"Tonga","TON","Prevalencia de uso de métodos anticonceptivos (% de mujeres entre 15 y 49 años)","SP.DYN.CONU.ZS","","","","","","","","","","","","","","","","","","","","","","","","","","","","","","","","","","","","","","","","","","","","","","","","","","","","","34.1","","","","","","","29.3","","","","",
"Asia meridional (BIRF y la AIF)","TSA","Prevalencia de uso de métodos anticonceptivos (% de mujeres entre 15 y 49 años)","SP.DYN.CONU.ZS","","","","","","","","","","","","","","","","","","","","","","","","","","","","","","","40.8342460612582","","","","","","","","","","45.3389302865837","","","","","","","","","","51.970285017778","","","","","","","","","61.4438362701752","","","","",
"África al sur del Sahara (BIRF y la AIF)","TSS","Prevalencia de uso de métodos anticonceptivos (% de mujeres entre 15 y 49 años)","SP.DYN.CONU.ZS","","","","","","","","","","","","","","","","","","","","","","","","","","","","","","","15.4365635335915","","","","","","","","","","22.2514314909159","","","","","","","","","","23.7715311198163","","","","","","","","","32.7302207816646","","","","",
"Trinidad y Tobago","TTO","Prevalencia de uso de métodos anticonceptivos (% de mujeres entre 15 y 49 años)","SP.DYN.CONU.ZS","","","","","","","","","","","","44","","","","","","52","","","","","","","","","","52.7","","","","","","","","","","","","","38.2","","","","","","42.5","","","","","40.3","","","","","","","","","","","","",
"Túnez","TUN","Prevalencia de uso de métodos anticonceptivos (% de mujeres entre 15 y 49 años)","SP.DYN.CONU.ZS","","","","","","","","","","","","","","","","","","","31.4","","","","","41.1","","","","","49.8","","","","","","","60","","","","","65.5","62.6","","","","","60.2","","","","","","62.5","","","","","","50.7","","","","","",
"Turquía","TUR","Prevalencia de uso de métodos anticonceptivos (% de mujeres entre 15 y 49 años)","SP.DYN.CONU.ZS","","","","22.1","","","","","31.6","","","","","36.8","","","","","50.4","","","","","50.6","","","","","63.3","","","","","62.6","","","","","63.9","","","","","71","72.2","","","","73","","","","","73.5","73.5","","","","69.8","","","","","",
"Tuvalu","TUV","Prevalencia de uso de métodos anticonceptivos (% de mujeres entre 15 y 49 años)","SP.DYN.CONU.ZS","","","","","","","","","","","","","","","","","","","","","","","","","","","","","","","","","","","","","","","","","","","","","","","","30.5","","","","","","","","","","","","","23.7","","","",
"Tanzanía","TZA","Prevalencia de uso de métodos anticonceptivos (% de mujeres entre 15 y 49 años)","SP.DYN.CONU.ZS","","","","","","","","","","","","","","","","","","","","","","","","","","","","","","","","","10.4","","20.4","","18.4","","","25.4","","","","","28.2","26.4","","","","","34.4","","","","","","38.4","","","","","","","",
"Uganda","UGA","Prevalencia de uso de métodos anticonceptivos (% de mujeres entre 15 y 49 años)","SP.DYN.CONU.ZS","","","","","","","","","","","","","","","","","","","","","","","","","","","","","","4.9","","","","","","14.8","","","","","","22.8","","","","19.7","23.7","","","","","30","","","27.3","34.7","39","41","42.6","","45.2","50.2","","",
"Ucrania","UKR","Prevalencia de uso de métodos anticonceptivos (% de mujeres entre 15 y 49 años)","SP.DYN.CONU.ZS","","","","","","","","","","","","","","","","","","","","","","","","","","","","","","","","","","","","","","","","67.5","71.6","","","","","65.6","","66.7","","","","","65.5","","","","","","","","","","","",
"Ingreso mediano alto","UMC","Prevalencia de uso de métodos anticonceptivos (% de mujeres entre 15 y 49 años)","SP.DYN.CONU.ZS","","","","","","","","","","","","","","","","","","","","","","","","","","","","","","","","","","","","","","","","","78.7275362999944","","","","","","","","","","","","","","","","","","","77.1274707824389","","","","",
"Uruguay","URY","Prevalencia de uso de métodos anticonceptivos (% de mujeres entre 15 y 49 años)","SP.DYN.CONU.ZS","","","","","","","","","","","","","","","","","","","","","","","","","","","83","","","","","","","","","","","","","","","","","","77","","","","","","","","","","","","","","","","","","","",
"Estados Unidos","USA","Prevalencia de uso de métodos anticonceptivos (% de mujeres entre 15 y 49 años)","SP.DYN.CONU.ZS","","","","","","66.5","","","","","67.6","","","69.6","","79","67.7","","","","","","69.7","","","","","","74.3","","70.7","","","","","76.4","","","","","","","72.8","","","","","77.1","76.4","","","","","","72.7","","75.9","","73.9","","","","","",
"Uzbekistán","UZB","Prevalencia de uso de métodos anticonceptivos (% de mujeres entre 15 y 49 años)","SP.DYN.CONU.ZS","","","","","","","","","","","","","","","","","","","","","","","","","","","","","","","","","","","","","55.6","","","","67.2","","67.7","","","","64.9","","","","","","","","","","","","","","","","","",
"San Vicente y las Granadinas","VCT","Prevalencia de uso de métodos anticonceptivos (% de mujeres entre 15 y 49 años)","SP.DYN.CONU.ZS","","","","","","","","","","","","","","","","","","","","","","55.5","","","","","","","58.3","","","","","","","","","","","","","","","","","","","","","","","","","","","","","","","","","","","",
"Venezuela","VEN","Prevalencia de uso de métodos anticonceptivos (% de mujeres entre 15 y 49 años)","SP.DYN.CONU.ZS","","","","","","","","","","","","","","","","","","50","","","","","","","","","","","","","","","","58","","","","","70.3","","","","","","","","","","","","75","","","","","","","","","","","","","",
"Islas Vírgenes Británicas","VGB","Prevalencia de uso de métodos anticonceptivos (% de mujeres entre 15 y 49 años)","SP.DYN.CONU.ZS","","","","","","","","","","","","","","","","","","","","","","","","","","","","","","","","","","","","","","","","","","","","","","","","","","","","","","","","","","","","","","","","",
"Islas Vírgenes (EE.UU.)","VIR","Prevalencia de uso de métodos anticonceptivos (% de mujeres entre 15 y 49 años)","SP.DYN.CONU.ZS","","","","","","","","","","","","","","","","","","","","","","","","","","","","","","","","","","","","","","","","","","","","","","","","","","","","","","","","","","","","","","","","",
"Viet Nam","VNM","Prevalencia de uso de métodos anticonceptivos (% de mujeres entre 15 y 49 años)","SP.DYN.CONU.ZS","","","","","","","","","","","","","","","","","","","","","","","","","","","","","53.2","","","","","","65","","","75.3","71.9","","74.2","73.9","78.5","75","75.7","76.9","75.7","79","79.4","","78","77.8","76.2","77.2","75.7","75.7","77.6","","76.4","76.5","","72.8","","",
"Vanuatu","VUT","Prevalencia de uso de métodos anticonceptivos (% de mujeres entre 15 y 49 años)","SP.DYN.CONU.ZS","","","","","","","","","","","","","","","","","","","","","","","","","24.4","","","","","","","","","","","","","","","","","","","","","","","38.4","","","","","","49","","","","","","","","","","",
"Mundo","WLD","Prevalencia de uso de métodos anticonceptivos (% de mujeres entre 15 y 49 años)","SP.DYN.CONU.ZS","","","","","","","","","","","","","","","","","","","","","","","","","","","","","","","","","","","","","","","","","60.6239609386516","","","","","","","","","","55.8965950028019","","","","","","","","","62.8177832490543","","","","",
"Samoa","WSM","Prevalencia de uso de métodos anticonceptivos (% de mujeres entre 15 y 49 años)","SP.DYN.CONU.ZS","","","","","","","","","","","","","","","","","","","","","","","","","","","","","","","","","","","","","","","","","","","","","","","","","","28.7","","","","","26.9","","","","","","16.6","","","",
"Kosovo","XKX","Prevalencia de uso de métodos anticonceptivos (% de mujeres entre 15 y 49 años)","SP.DYN.CONU.ZS","","","","","","","","","","","","","","","","","","","","","","","","","","","","","","","","","","","","","","","","","","","","","","","","","","","","","","","","","","","","","","","","",
"Yemen, Rep. del","YEM","Prevalencia de uso de métodos anticonceptivos (% de mujeres entre 15 y 49 años)","SP.DYN.CONU.ZS","","","","","","","","","","","","","","","","","","","","1.7","","","","","","","","","","","","","9.7","","","","","20.8","","","","","","23.1","","","27.7","","","","","","","33.5","","","","","","","","","","",
"Sudáfrica","ZAF","Prevalencia de uso de métodos anticonceptivos (% de mujeres entre 15 y 49 años)","SP.DYN.CONU.ZS","","","","","","","","","","","","","","","","","","","","","","","","","","","","","49.7","","","","","","","","","","56.3","","","","","","59.9","","","","","","","","","","","","54.6","","","","","","","",
"Zambia","ZMB","Prevalencia de uso de métodos anticonceptivos (% de mujeres entre 15 y 49 años)","SP.DYN.CONU.ZS","","","","","","","","","","","","","","","","","","","","","","","","","","","","","","","","","15.2","","","","25.9","25.9","","22.1","","","34.2","","","","","40.8","","","","","","","49","","","","49.6","","","","","",
"Zimbabwe","ZWE","Prevalencia de uso de métodos anticonceptivos (% de mujeres entre 15 y 49 años)","SP.DYN.CONU.ZS","","","","","","","","","","","","","","","","","","","","","","","","","38.4","","","","43.1","43.1","","","","","48.1","","","","","53.5","","","","","","","60.2","","","64.9","","58.5","","","67","66.8","","","","","","","","",
